"","Code","Surname","FirstName"
"2",2,"Davis","Zoe"
"3",3,"Chua","Tiffany"
"7",7,"Padilla","Patrick"
"9",9,"Reid","Lovely"
"10",10,"Lopez","Jeydon"
"13",13,"Franco","Candice"
"16",16,"Swift","Brianna"
"22",22,"San Pedro","Ada"
"24",24,"Mendes","Jayson"
"25",25,"Puth","Michelle"
"27",27,"Bennett","Paula"
"28",28,"Chadwick","Kem"
"29",29,"Copper","Monique"
"30",30,"Martinez","Conie"
"34",34,"Delgado","Lisa"
"38",38,"Austin","Jihyo"
"40",40,"Gomez","Mina"
"41",41,"Gates","Momo"
"42",42,"Beck","Dahyun"
"43",43,"Ellis","Mark"
"46",46,"Bradley","Jackson"
"48",48,"Cabrera","Jae"
"49",49,"Fuentebella","Jin"
"50",50,"Carson","Rap"
"51",51,"Cameron","Jimin"
"53",53,"Clement","Clark"
"56",56,"Flynn","Isa"
"57",57,"Frost","Deigo"
"58",58,"Gallego","Crissan"
"59",59,"Arevalo","Crisselle"
"60",60,"Garza","Cheska"
"61",61,"Gordon","Allen"
"64",64,"Dakota","Alica"
"68",68,"William","Chantelle"
"70",70,"Mortel","Jea"
"71",71,"Herrera","Cavin"
"72",72,"Villanueva","Jeffer"
"75",75,"Holt","Ross"
"77",77,"McCartney","Tinker"
"82",82,"Aguilar","Felix"
"83",83,"Alvarado","Chad"
"84",84,"Alonzo","Minnie"
"85",85,"Feliciano","Minho"
"86",86,"Floyd","Hyunjin"
"88",88,"Lamela","Matthew"
"90",90,"Madrid","Justin"
"91",91,"Madison","Jovenel"
"95",95,"Wilson","Gwen"
"96",96,"Stark","Stacey"
"97",97,"Arapoc","Amada"
"102",102,"Uy","Helen"
"105",105,"Caporas","Edward"
"107",107,"Dy","Beverly"
"109",109,"Blume","Veronica"
"114",114,"Yllana","Ramon"
"116",116,"Atwood","Will"
"117",117,"Woods","Stuart"
"122",122,"Myers","Michael"
"123",123,"Castle","Frank"
"125",125,"Alaban","Dominic"
"131",131,"Clarke","Julia"
"132",132,"Santiago","Maia"
"134",134,"Friar","Lucas"
"136",136,"Trazona","Percy"
"137",137,"Di Angelo","Hazel"
"140",140,"Sy","Ephraim"
"143",143,"Black","Jillian"
"146",146,"Granger","Francine"
"148",148,"Weasley","Emily"
"149",149,"Ungson","Millen"
